[{"pk": 1476, "model": "ias.taxon", "fields": {"style_json": "", "key_text": "This is a ladybird", "scientific_name": "Harlequin Ladybird", "rank": "SPECIES", "active": true, "style_name": "", "common_name": "", "questionnaire": "dHRZQzRQZEZ4V0ptRlVvRkVwZ1kxSmc6MQ"}}, {"pk": 1481, "model": "ias.taxon", "fields": {"style_json": "", "key_text": "some stuff", "scientific_name": "Fallopia", "rank": "FAMILY", "active": true, "style_name": "", "common_name": "Jap knotweed", "questionnaire": "dExad2t1cEk5SFh1ZXVyNzA1SlZYWFE6MQ"}}, {"pk": 1484, "model": "ias.photo", "fields": {"url": "http://0.0.0.0:8080/_ah/img/3bXExXN1kV3BGIygFGwZSQ==", "photo": "", "verified": false, "blob_key": "3bXExXN1kV3BGIygFGwZSQ=="}}, {"pk": 1486, "model": "ias.photo", "fields": {"url": "http://0.0.0.0:8080/_ah/img/sGKA87cj1J9mYytAQjROmg==", "photo": "", "verified": false, "blob_key": "sGKA87cj1J9mYytAQjROmg=="}}, {"pk": 1487, "model": "ias.photo", "fields": {"url": "http://0.0.0.0:8080/_ah/img/qaAWwCkmk5okGP9dFO6c9Q==", "photo": "", "verified": false, "blob_key": "qaAWwCkmk5okGP9dFO6c9Q=="}}, {"pk": 1488, "model": "ias.photo", "fields": {"url": "http://0.0.0.0:8080/_ah/img/72zflabTtOzEPwyPg3uNmw==", "photo": "", "verified": false, "blob_key": "72zflabTtOzEPwyPg3uNmw=="}}, {"pk": 1489, "model": "ias.photo", "fields": {"url": "http://0.0.0.0:8080/_ah/img/8dLexhE-g58XsDHChKhxdA==", "photo": "", "verified": false, "blob_key": "8dLexhE-g58XsDHChKhxdA=="}}, {"pk": 1490, "model": "ias.photo", "fields": {"url": "http://0.0.0.0:8080/_ah/img/a5Jr-pwwfUZ7HDG4zf0baQ==", "photo": "", "verified": false, "blob_key": "a5Jr-pwwfUZ7HDG4zf0baQ=="}}, {"pk": 1491, "model": "ias.photo", "fields": {"url": "http://0.0.0.0:8080/_ah/img/s-et0B-LkRfWDsMKYsdwBw==", "photo": "", "verified": false, "blob_key": "s-et0B-LkRfWDsMKYsdwBw=="}}, {"pk": 1492, "model": "ias.photo", "fields": {"url": "http://0.0.0.0:8080/_ah/img/jTGSOvmynJe1j78tOD_3dg==", "photo": "", "verified": false, "blob_key": "jTGSOvmynJe1j78tOD_3dg=="}}, {"pk": 1493, "model": "ias.photo", "fields": {"url": "http://0.0.0.0:8080/_ah/img/3tNQo7JO2PFx-t36Jy_b5g==", "photo": "", "verified": false, "blob_key": "3tNQo7JO2PFx-t36Jy_b5g=="}}, {"pk": 1494, "model": "ias.photo", "fields": {"url": "http://0.0.0.0:8080/_ah/img/3AJcYJemmT22W7KFFwfO6Q==", "photo": "", "verified": false, "blob_key": "3AJcYJemmT22W7KFFwfO6Q=="}}, {"pk": 1495, "model": "ias.photo", "fields": {"url": "http://0.0.0.0:8080/_ah/img/yyfodTlRn5dtNJAnnKBgRA==", "photo": "", "verified": false, "blob_key": "yyfodTlRn5dtNJAnnKBgRA=="}}, {"pk": 1496, "model": "ias.photo", "fields": {"url": "http://0.0.0.0:8080/_ah/img/HgySTOxWTvLTIIR7PqLQrg==", "photo": "", "verified": false, "blob_key": "HgySTOxWTvLTIIR7PqLQrg=="}}, {"pk": 1497, "model": "ias.photo", "fields": {"url": "http://0.0.0.0:8080/_ah/img/rZIQoQFHZ0yoFLm1OxEYbg==", "photo": "", "verified": false, "blob_key": "rZIQoQFHZ0yoFLm1OxEYbg=="}}, {"pk": 1498, "model": "ias.photo", "fields": {"url": "http://0.0.0.0:8080/_ah/img/_RaEJ-l5dYkTfD-iGlxL3Q==", "photo": "", "verified": false, "blob_key": "_RaEJ-l5dYkTfD-iGlxL3Q=="}}, {"pk": 1499, "model": "ias.photo", "fields": {"url": "http://0.0.0.0:8080/_ah/img/dir5gsjThh4gidPtS5QtBA==", "photo": "", "verified": false, "blob_key": "dir5gsjThh4gidPtS5QtBA=="}}, {"pk": 1500, "model": "ias.photo", "fields": {"url": "http://0.0.0.0:8080/_ah/img/5YmDiVjK4kD6dgHe5DG0hw==", "photo": "", "verified": false, "blob_key": "5YmDiVjK4kD6dgHe5DG0hw=="}}, {"pk": 1501, "model": "ias.photo", "fields": {"url": "http://0.0.0.0:8080/_ah/img/tbf_07jiEkl0cB_jek-Prg==", "photo": "", "verified": false, "blob_key": "tbf_07jiEkl0cB_jek-Prg=="}}, {"pk": 1502, "model": "ias.photo", "fields": {"url": "http://0.0.0.0:8080/_ah/img/9PQJ-1IufxSvwaTNB7Sgdw==", "photo": "", "verified": false, "blob_key": "9PQJ-1IufxSvwaTNB7Sgdw=="}}, {"pk": 1503, "model": "ias.photo", "fields": {"url": "http://0.0.0.0:8080/_ah/img/OswDigZtrfYe0D2qNs5DKQ==", "photo": "", "verified": false, "blob_key": "OswDigZtrfYe0D2qNs5DKQ=="}}, {"pk": 1504, "model": "ias.photo", "fields": {"url": "http://0.0.0.0:8080/_ah/img/_gpJHSKzHp-nNjVbmsrB9w==", "photo": "", "verified": false, "blob_key": "_gpJHSKzHp-nNjVbmsrB9w=="}}, {"pk": 1506, "model": "ias.photo", "fields": {"url": "http://0.0.0.0:8080/_ah/img/Tj3Sx__ShlbjJ87F4DVa-w==", "photo": "", "verified": false, "blob_key": "Tj3Sx__ShlbjJ87F4DVa-w=="}}, {"pk": 1508, "model": "ias.photo", "fields": {"url": "http://0.0.0.0:8080/_ah/img/7YaCTVBbM-QZ1YJFRFkCsQ==", "photo": "", "verified": false, "blob_key": "7YaCTVBbM-QZ1YJFRFkCsQ=="}}, {"pk": 1516, "model": "ias.photo", "fields": {"url": "http://0.0.0.0:8080/_ah/img/p7fNPgjcxb8hoi5vy1nijQ==", "photo": "", "verified": false, "blob_key": "p7fNPgjcxb8hoi5vy1nijQ=="}}, {"pk": 1518, "model": "ias.photo", "fields": {"url": "http://0.0.0.0:8080/_ah/img/2THR4LIqLB_LKRwIeesa2Q==", "photo": "", "verified": false, "blob_key": "2THR4LIqLB_LKRwIeesa2Q=="}}, {"pk": 1520, "model": "ias.photo", "fields": {"url": "http://0.0.0.0:8080/_ah/img/GJa5x3S4KZVA-BIyj0jNQA==", "photo": "", "verified": false, "blob_key": "GJa5x3S4KZVA-BIyj0jNQA=="}}, {"pk": 1521, "model": "ias.photo", "fields": {"url": "http://0.0.0.0:8080/_ah/img/zwQDug9cksELQA8r0WFaRg==", "photo": "", "verified": false, "blob_key": "zwQDug9cksELQA8r0WFaRg=="}}, {"pk": 1523, "model": "ias.photo", "fields": {"url": "http://0.0.0.0:8080/_ah/img/ysAGG0qN9ZDrshuIxac2Bg==", "photo": "", "verified": false, "blob_key": "ysAGG0qN9ZDrshuIxac2Bg=="}}, {"pk": 1478, "model": "ias.sighting", "fields": {"has_completed_questionnaire": true, "photo": null, "lon": "-2.58742300", "taxon": 1476, "datetime": "2011-07-26 18:54:38", "contactable": false, "lat": "51.46525500", "email": ""}}, {"pk": 1479, "model": "ias.sighting", "fields": {"has_completed_questionnaire": true, "photo": null, "lon": "-2.58742300", "taxon": 1476, "datetime": "2011-07-26 18:57:13", "contactable": false, "lat": "51.46525500", "email": ""}}, {"pk": 1480, "model": "ias.sighting", "fields": {"has_completed_questionnaire": true, "photo": null, "lon": "-2.58742300", "taxon": 1476, "datetime": "2011-07-29 22:04:32", "contactable": false, "lat": "51.46525500", "email": ""}}, {"pk": 1485, "model": "ias.sighting", "fields": {"has_completed_questionnaire": true, "photo": 1484, "lon": "-2.17466700", "taxon": 1481, "datetime": "2011-08-01 21:39:51", "contactable": true, "lat": "49.17283300", "email": "steve@synfinity.net"}}, {"pk": 1505, "model": "ias.sighting", "fields": {"has_completed_questionnaire": true, "photo": 1504, "lon": "-2.58600000", "taxon": 1481, "datetime": "2011-08-03 14:59:46", "contactable": true, "lat": "-51.46416667", "email": "steve@synfinity.net"}}, {"pk": 1507, "model": "ias.sighting", "fields": {"has_completed_questionnaire": true, "photo": 1506, "lon": "-0.23733333", "taxon": 1476, "datetime": "2011-08-03 20:10:52", "contactable": true, "lat": "50.87866667", "email": "steve@synfinity.net"}}, {"pk": 1509, "model": "ias.sighting", "fields": {"has_completed_questionnaire": true, "photo": 1508, "lon": "-2.58600000", "taxon": 1481, "datetime": "2011-08-03 21:11:14", "contactable": true, "lat": "51.46416667", "email": "steve@synfinity.net"}}, {"pk": 1517, "model": "ias.sighting", "fields": {"has_completed_questionnaire": true, "photo": 1516, "lon": "-3.17133333", "taxon": 1481, "datetime": "2011-08-04 16:39:17", "contactable": true, "lat": "51.49816667", "email": "steve@synfinity.net"}}, {"pk": 1519, "model": "ias.sighting", "fields": {"has_completed_questionnaire": true, "photo": 1518, "lon": "-2.58400000", "taxon": 1481, "datetime": "2011-08-04 16:41:22", "contactable": true, "lat": "51.46500000", "email": "steve@synfinity.net"}}, {"pk": 1522, "model": "ias.sighting", "fields": {"has_completed_questionnaire": true, "photo": 1521, "lon": "-3.17133333", "taxon": 1481, "datetime": "2011-08-04 20:49:01", "contactable": true, "lat": "51.49816667", "email": "steve@synfinity.net"}}, {"pk": 1524, "model": "ias.sighting", "fields": {"has_completed_questionnaire": true, "photo": 1523, "lon": "-3.17133333", "taxon": 1476, "datetime": "2011-08-10 06:00:00", "contactable": true, "lat": "51.49816667", "email": "steve@synfinity.net"}}]