[{"pk": 1415, "model": "contenttypes.contenttype", "fields": {"model": "contenttype", "name": "content type", "app_label": "contenttypes"}}, {"pk": 1420, "model": "contenttypes.contenttype", "fields": {"model": "group", "name": "group", "app_label": "auth"}}, {"pk": 1411, "model": "contenttypes.contenttype", "fields": {"model": "logentry", "name": "log entry", "app_label": "admin"}}, {"pk": 1422, "model": "contenttypes.contenttype", "fields": {"model": "message", "name": "message", "app_label": "auth"}}, {"pk": 1449, "model": "contenttypes.contenttype", "fields": {"model": "modeltags", "name": "model tags", "app_label": "tagging"}}, {"pk": 1419, "model": "contenttypes.contenttype", "fields": {"model": "permission", "name": "permission", "app_label": "auth"}}, {"pk": 1462, "model": "contenttypes.contenttype", "fields": {"model": "photo", "name": "photo", "app_label": "ias"}}, {"pk": 1444, "model": "contenttypes.contenttype", "fields": {"model": "registrationprofile", "name": "registration profile", "app_label": "registration"}}, {"pk": 1435, "model": "contenttypes.contenttype", "fields": {"model": "session", "name": "session", "app_label": "sessions"}}, {"pk": 1463, "model": "contenttypes.contenttype", "fields": {"model": "sighting", "name": "sighting", "app_label": "ias"}}, {"pk": 1439, "model": "contenttypes.contenttype", "fields": {"model": "site", "name": "site", "app_label": "sites"}}, {"pk": 1448, "model": "contenttypes.contenttype", "fields": {"model": "tag", "name": "tag", "app_label": "tagging"}}, {"pk": 1450, "model": "contenttypes.contenttype", "fields": {"model": "taggeditem", "name": "tagged item", "app_label": "tagging"}}, {"pk": 1460, "model": "contenttypes.contenttype", "fields": {"model": "taxon", "name": "taxon", "app_label": "ias"}}, {"pk": 1461, "model": "contenttypes.contenttype", "fields": {"model": "taxonexpert", "name": "taxon expert", "app_label": "ias"}}, {"pk": 1421, "model": "contenttypes.contenttype", "fields": {"model": "user", "name": "user", "app_label": "auth"}}, {"pk": 1416, "model": "auth.permission", "fields": {"codename": "add_contenttype", "name": "Can add content type", "content_type": 1415}}, {"pk": 1426, "model": "auth.permission", "fields": {"codename": "add_group", "name": "Can add group", "content_type": 1420}}, {"pk": 1412, "model": "auth.permission", "fields": {"codename": "add_logentry", "name": "Can add log entry", "content_type": 1411}}, {"pk": 1432, "model": "auth.permission", "fields": {"codename": "add_message", "name": "Can add message", "content_type": 1422}}, {"pk": 1454, "model": "auth.permission", "fields": {"codename": "add_modeltags", "name": "Can add model tags", "content_type": 1449}}, {"pk": 1423, "model": "auth.permission", "fields": {"codename": "add_permission", "name": "Can add permission", "content_type": 1419}}, {"pk": 1470, "model": "auth.permission", "fields": {"codename": "add_photo", "name": "Can add photo", "content_type": 1462}}, {"pk": 1445, "model": "auth.permission", "fields": {"codename": "add_registrationprofile", "name": "Can add registration profile", "content_type": 1444}}, {"pk": 1436, "model": "auth.permission", "fields": {"codename": "add_session", "name": "Can add session", "content_type": 1435}}, {"pk": 1473, "model": "auth.permission", "fields": {"codename": "add_sighting", "name": "Can add sighting", "content_type": 1463}}, {"pk": 1440, "model": "auth.permission", "fields": {"codename": "add_site", "name": "Can add site", "content_type": 1439}}, {"pk": 1451, "model": "auth.permission", "fields": {"codename": "add_tag", "name": "Can add tag", "content_type": 1448}}, {"pk": 1457, "model": "auth.permission", "fields": {"codename": "add_taggeditem", "name": "Can add tagged item", "content_type": 1450}}, {"pk": 1464, "model": "auth.permission", "fields": {"codename": "add_taxon", "name": "Can add taxon", "content_type": 1460}}, {"pk": 1467, "model": "auth.permission", "fields": {"codename": "add_taxonexpert", "name": "Can add taxon expert", "content_type": 1461}}, {"pk": 1429, "model": "auth.permission", "fields": {"codename": "add_user", "name": "Can add user", "content_type": 1421}}, {"pk": 1417, "model": "auth.permission", "fields": {"codename": "change_contenttype", "name": "Can change content type", "content_type": 1415}}, {"pk": 1427, "model": "auth.permission", "fields": {"codename": "change_group", "name": "Can change group", "content_type": 1420}}, {"pk": 1413, "model": "auth.permission", "fields": {"codename": "change_logentry", "name": "Can change log entry", "content_type": 1411}}, {"pk": 1433, "model": "auth.permission", "fields": {"codename": "change_message", "name": "Can change message", "content_type": 1422}}, {"pk": 1455, "model": "auth.permission", "fields": {"codename": "change_modeltags", "name": "Can change model tags", "content_type": 1449}}, {"pk": 1424, "model": "auth.permission", "fields": {"codename": "change_permission", "name": "Can change permission", "content_type": 1419}}, {"pk": 1471, "model": "auth.permission", "fields": {"codename": "change_photo", "name": "Can change photo", "content_type": 1462}}, {"pk": 1446, "model": "auth.permission", "fields": {"codename": "change_registrationprofile", "name": "Can change registration profile", "content_type": 1444}}, {"pk": 1437, "model": "auth.permission", "fields": {"codename": "change_session", "name": "Can change session", "content_type": 1435}}, {"pk": 1474, "model": "auth.permission", "fields": {"codename": "change_sighting", "name": "Can change sighting", "content_type": 1463}}, {"pk": 1441, "model": "auth.permission", "fields": {"codename": "change_site", "name": "Can change site", "content_type": 1439}}, {"pk": 1452, "model": "auth.permission", "fields": {"codename": "change_tag", "name": "Can change tag", "content_type": 1448}}, {"pk": 1458, "model": "auth.permission", "fields": {"codename": "change_taggeditem", "name": "Can change tagged item", "content_type": 1450}}, {"pk": 1465, "model": "auth.permission", "fields": {"codename": "change_taxon", "name": "Can change taxon", "content_type": 1460}}, {"pk": 1468, "model": "auth.permission", "fields": {"codename": "change_taxonexpert", "name": "Can change taxon expert", "content_type": 1461}}, {"pk": 1430, "model": "auth.permission", "fields": {"codename": "change_user", "name": "Can change user", "content_type": 1421}}, {"pk": 1418, "model": "auth.permission", "fields": {"codename": "delete_contenttype", "name": "Can delete content type", "content_type": 1415}}, {"pk": 1428, "model": "auth.permission", "fields": {"codename": "delete_group", "name": "Can delete group", "content_type": 1420}}, {"pk": 1414, "model": "auth.permission", "fields": {"codename": "delete_logentry", "name": "Can delete log entry", "content_type": 1411}}, {"pk": 1434, "model": "auth.permission", "fields": {"codename": "delete_message", "name": "Can delete message", "content_type": 1422}}, {"pk": 1456, "model": "auth.permission", "fields": {"codename": "delete_modeltags", "name": "Can delete model tags", "content_type": 1449}}, {"pk": 1425, "model": "auth.permission", "fields": {"codename": "delete_permission", "name": "Can delete permission", "content_type": 1419}}, {"pk": 1472, "model": "auth.permission", "fields": {"codename": "delete_photo", "name": "Can delete photo", "content_type": 1462}}, {"pk": 1447, "model": "auth.permission", "fields": {"codename": "delete_registrationprofile", "name": "Can delete registration profile", "content_type": 1444}}, {"pk": 1438, "model": "auth.permission", "fields": {"codename": "delete_session", "name": "Can delete session", "content_type": 1435}}, {"pk": 1475, "model": "auth.permission", "fields": {"codename": "delete_sighting", "name": "Can delete sighting", "content_type": 1463}}, {"pk": 1442, "model": "auth.permission", "fields": {"codename": "delete_site", "name": "Can delete site", "content_type": 1439}}, {"pk": 1453, "model": "auth.permission", "fields": {"codename": "delete_tag", "name": "Can delete tag", "content_type": 1448}}, {"pk": 1459, "model": "auth.permission", "fields": {"codename": "delete_taggeditem", "name": "Can delete tagged item", "content_type": 1450}}, {"pk": 1466, "model": "auth.permission", "fields": {"codename": "delete_taxon", "name": "Can delete taxon", "content_type": 1460}}, {"pk": 1469, "model": "auth.permission", "fields": {"codename": "delete_taxonexpert", "name": "Can delete taxon expert", "content_type": 1461}}, {"pk": 1431, "model": "auth.permission", "fields": {"codename": "delete_user", "name": "Can delete user", "content_type": 1421}}, {"pk": 1410, "model": "auth.user", "fields": {"username": "steve", "first_name": "", "last_name": "", "is_active": true, "idxf_email_l_iexact": "steve@synfinity.net", "idxf_username_l_iexact": "steve", "is_superuser": true, "is_staff": true, "last_login": "2011-07-26 18:49:10", "groups": [], "user_permissions": [], "password": "sha1$af70b$f689fa9aab47e956cb2ac720581e40ed93fec54c", "email": "steve@synfinity.net", "date_joined": "2011-07-26 13:41:19"}}, {"pk": "062ea0a385a1453e1c52b31eddc94057", "model": "sessions.session", "fields": {"expire_date": "2011-08-09 18:49:10", "session_data": "MzdmYTdmY2ZmMjBiM2RkYzE1ZDFkZjMxNDkzMGY1YmQzYjQ3OWQxYjqAAn1xAChVEl9hdXRoX3Vz\nZXJfYmFja2VuZHEBVSlkamFuZ28uY29udHJpYi5hdXRoLmJhY2tlbmRzLk1vZGVsQmFja2VuZHEC\nVQ1fYXV0aF91c2VyX2lkcQOKAoIFdS4=\n"}}, {"pk": 1443, "model": "sites.site", "fields": {"domain": "example.com", "name": "example.com"}}, {"pk": 46, "model": "sites.site", "fields": {"domain": "ias-ess.org", "name": "ias-ess"}}, {"pk": 1476, "model": "ias.taxon", "fields": {"style_json": "", "key_text": "This is a ladybird", "scientific_name": "Harlequin Ladybird", "rank": "SPECIES", "active": true, "style_name": "", "common_name": "", "questionnaire": "dHRZQzRQZEZ4V0ptRlVvRkVwZ1kxSmc6MQ"}}, {"pk": 1481, "model": "ias.taxon", "fields": {"style_json": "", "key_text": "some stuff", "scientific_name": "Fallopia", "rank": "FAMILY", "active": true, "style_name": "", "common_name": "Jap knotweed", "questionnaire": "dExad2t1cEk5SFh1ZXVyNzA1SlZYWFE6MQ"}}, {"pk": 1484, "model": "ias.photo", "fields": {"url": "http://0.0.0.0:8080/_ah/img/3bXExXN1kV3BGIygFGwZSQ==", "photo": "", "verified": false, "blob_key": "3bXExXN1kV3BGIygFGwZSQ=="}}, {"pk": 1486, "model": "ias.photo", "fields": {"url": "http://0.0.0.0:8080/_ah/img/sGKA87cj1J9mYytAQjROmg==", "photo": "", "verified": false, "blob_key": "sGKA87cj1J9mYytAQjROmg=="}}, {"pk": 1487, "model": "ias.photo", "fields": {"url": "http://0.0.0.0:8080/_ah/img/qaAWwCkmk5okGP9dFO6c9Q==", "photo": "", "verified": false, "blob_key": "qaAWwCkmk5okGP9dFO6c9Q=="}}, {"pk": 1488, "model": "ias.photo", "fields": {"url": "http://0.0.0.0:8080/_ah/img/72zflabTtOzEPwyPg3uNmw==", "photo": "", "verified": false, "blob_key": "72zflabTtOzEPwyPg3uNmw=="}}, {"pk": 1489, "model": "ias.photo", "fields": {"url": "http://0.0.0.0:8080/_ah/img/8dLexhE-g58XsDHChKhxdA==", "photo": "", "verified": false, "blob_key": "8dLexhE-g58XsDHChKhxdA=="}}, {"pk": 1490, "model": "ias.photo", "fields": {"url": "http://0.0.0.0:8080/_ah/img/a5Jr-pwwfUZ7HDG4zf0baQ==", "photo": "", "verified": false, "blob_key": "a5Jr-pwwfUZ7HDG4zf0baQ=="}}, {"pk": 1491, "model": "ias.photo", "fields": {"url": "http://0.0.0.0:8080/_ah/img/s-et0B-LkRfWDsMKYsdwBw==", "photo": "", "verified": false, "blob_key": "s-et0B-LkRfWDsMKYsdwBw=="}}, {"pk": 1492, "model": "ias.photo", "fields": {"url": "http://0.0.0.0:8080/_ah/img/jTGSOvmynJe1j78tOD_3dg==", "photo": "", "verified": false, "blob_key": "jTGSOvmynJe1j78tOD_3dg=="}}, {"pk": 1493, "model": "ias.photo", "fields": {"url": "http://0.0.0.0:8080/_ah/img/3tNQo7JO2PFx-t36Jy_b5g==", "photo": "", "verified": false, "blob_key": "3tNQo7JO2PFx-t36Jy_b5g=="}}, {"pk": 1494, "model": "ias.photo", "fields": {"url": "http://0.0.0.0:8080/_ah/img/3AJcYJemmT22W7KFFwfO6Q==", "photo": "", "verified": false, "blob_key": "3AJcYJemmT22W7KFFwfO6Q=="}}, {"pk": 1495, "model": "ias.photo", "fields": {"url": "http://0.0.0.0:8080/_ah/img/yyfodTlRn5dtNJAnnKBgRA==", "photo": "", "verified": false, "blob_key": "yyfodTlRn5dtNJAnnKBgRA=="}}, {"pk": 1496, "model": "ias.photo", "fields": {"url": "http://0.0.0.0:8080/_ah/img/HgySTOxWTvLTIIR7PqLQrg==", "photo": "", "verified": false, "blob_key": "HgySTOxWTvLTIIR7PqLQrg=="}}, {"pk": 1497, "model": "ias.photo", "fields": {"url": "http://0.0.0.0:8080/_ah/img/rZIQoQFHZ0yoFLm1OxEYbg==", "photo": "", "verified": false, "blob_key": "rZIQoQFHZ0yoFLm1OxEYbg=="}}, {"pk": 1498, "model": "ias.photo", "fields": {"url": "http://0.0.0.0:8080/_ah/img/_RaEJ-l5dYkTfD-iGlxL3Q==", "photo": "", "verified": false, "blob_key": "_RaEJ-l5dYkTfD-iGlxL3Q=="}}, {"pk": 1499, "model": "ias.photo", "fields": {"url": "http://0.0.0.0:8080/_ah/img/dir5gsjThh4gidPtS5QtBA==", "photo": "", "verified": false, "blob_key": "dir5gsjThh4gidPtS5QtBA=="}}, {"pk": 1500, "model": "ias.photo", "fields": {"url": "http://0.0.0.0:8080/_ah/img/5YmDiVjK4kD6dgHe5DG0hw==", "photo": "", "verified": false, "blob_key": "5YmDiVjK4kD6dgHe5DG0hw=="}}, {"pk": 1501, "model": "ias.photo", "fields": {"url": "http://0.0.0.0:8080/_ah/img/tbf_07jiEkl0cB_jek-Prg==", "photo": "", "verified": false, "blob_key": "tbf_07jiEkl0cB_jek-Prg=="}}, {"pk": 1502, "model": "ias.photo", "fields": {"url": "http://0.0.0.0:8080/_ah/img/9PQJ-1IufxSvwaTNB7Sgdw==", "photo": "", "verified": false, "blob_key": "9PQJ-1IufxSvwaTNB7Sgdw=="}}, {"pk": 1503, "model": "ias.photo", "fields": {"url": "http://0.0.0.0:8080/_ah/img/OswDigZtrfYe0D2qNs5DKQ==", "photo": "", "verified": false, "blob_key": "OswDigZtrfYe0D2qNs5DKQ=="}}, {"pk": 1504, "model": "ias.photo", "fields": {"url": "http://0.0.0.0:8080/_ah/img/_gpJHSKzHp-nNjVbmsrB9w==", "photo": "", "verified": false, "blob_key": "_gpJHSKzHp-nNjVbmsrB9w=="}}, {"pk": 1506, "model": "ias.photo", "fields": {"url": "http://0.0.0.0:8080/_ah/img/Tj3Sx__ShlbjJ87F4DVa-w==", "photo": "", "verified": false, "blob_key": "Tj3Sx__ShlbjJ87F4DVa-w=="}}, {"pk": 1508, "model": "ias.photo", "fields": {"url": "http://0.0.0.0:8080/_ah/img/7YaCTVBbM-QZ1YJFRFkCsQ==", "photo": "", "verified": false, "blob_key": "7YaCTVBbM-QZ1YJFRFkCsQ=="}}, {"pk": 1516, "model": "ias.photo", "fields": {"url": "http://0.0.0.0:8080/_ah/img/p7fNPgjcxb8hoi5vy1nijQ==", "photo": "", "verified": false, "blob_key": "p7fNPgjcxb8hoi5vy1nijQ=="}}, {"pk": 1518, "model": "ias.photo", "fields": {"url": "http://0.0.0.0:8080/_ah/img/2THR4LIqLB_LKRwIeesa2Q==", "photo": "", "verified": false, "blob_key": "2THR4LIqLB_LKRwIeesa2Q=="}}, {"pk": 1520, "model": "ias.photo", "fields": {"url": "http://0.0.0.0:8080/_ah/img/GJa5x3S4KZVA-BIyj0jNQA==", "photo": "", "verified": false, "blob_key": "GJa5x3S4KZVA-BIyj0jNQA=="}}, {"pk": 1521, "model": "ias.photo", "fields": {"url": "http://0.0.0.0:8080/_ah/img/zwQDug9cksELQA8r0WFaRg==", "photo": "", "verified": false, "blob_key": "zwQDug9cksELQA8r0WFaRg=="}}, {"pk": 1523, "model": "ias.photo", "fields": {"url": "http://0.0.0.0:8080/_ah/img/ysAGG0qN9ZDrshuIxac2Bg==", "photo": "", "verified": false, "blob_key": "ysAGG0qN9ZDrshuIxac2Bg=="}}, {"pk": 1478, "model": "ias.sighting", "fields": {"has_completed_questionnaire": true, "photo": null, "lon": "-2.58742300", "taxon": 1476, "datetime": "2011-07-26 18:54:38", "contactable": false, "lat": "51.46525500", "email": ""}}, {"pk": 1479, "model": "ias.sighting", "fields": {"has_completed_questionnaire": true, "photo": null, "lon": "-2.58742300", "taxon": 1476, "datetime": "2011-07-26 18:57:13", "contactable": false, "lat": "51.46525500", "email": ""}}, {"pk": 1480, "model": "ias.sighting", "fields": {"has_completed_questionnaire": true, "photo": null, "lon": "-2.58742300", "taxon": 1476, "datetime": "2011-07-29 22:04:32", "contactable": false, "lat": "51.46525500", "email": ""}}, {"pk": 1485, "model": "ias.sighting", "fields": {"has_completed_questionnaire": true, "photo": 1484, "lon": "-2.17466700", "taxon": 1481, "datetime": "2011-08-01 21:39:51", "contactable": true, "lat": "49.17283300", "email": "steve@synfinity.net"}}, {"pk": 1505, "model": "ias.sighting", "fields": {"has_completed_questionnaire": true, "photo": 1504, "lon": "-2.58600000", "taxon": 1481, "datetime": "2011-08-03 14:59:46", "contactable": true, "lat": "-51.46416667", "email": "steve@synfinity.net"}}, {"pk": 1507, "model": "ias.sighting", "fields": {"has_completed_questionnaire": true, "photo": 1506, "lon": "-0.23733333", "taxon": 1476, "datetime": "2011-08-03 20:10:52", "contactable": true, "lat": "50.87866667", "email": "steve@synfinity.net"}}, {"pk": 1509, "model": "ias.sighting", "fields": {"has_completed_questionnaire": true, "photo": 1508, "lon": "-2.58600000", "taxon": 1481, "datetime": "2011-08-03 21:11:14", "contactable": true, "lat": "51.46416667", "email": "steve@synfinity.net"}}, {"pk": 1517, "model": "ias.sighting", "fields": {"has_completed_questionnaire": true, "photo": 1516, "lon": "-3.17133333", "taxon": 1481, "datetime": "2011-08-04 16:39:17", "contactable": true, "lat": "51.49816667", "email": "steve@synfinity.net"}}, {"pk": 1519, "model": "ias.sighting", "fields": {"has_completed_questionnaire": true, "photo": 1518, "lon": "-2.58400000", "taxon": 1481, "datetime": "2011-08-04 16:41:22", "contactable": true, "lat": "51.46500000", "email": "steve@synfinity.net"}}, {"pk": 1522, "model": "ias.sighting", "fields": {"has_completed_questionnaire": true, "photo": 1521, "lon": "-3.17133333", "taxon": 1481, "datetime": "2011-08-04 20:49:01", "contactable": true, "lat": "51.49816667", "email": "steve@synfinity.net"}}, {"pk": 1524, "model": "ias.sighting", "fields": {"has_completed_questionnaire": true, "photo": 1523, "lon": "-3.17133333", "taxon": 1476, "datetime": "2011-08-10 06:00:00", "contactable": true, "lat": "51.49816667", "email": "steve@synfinity.net"}}, {"pk": 1515, "model": "admin.logentry", "fields": {"action_flag": 2, "action_time": "2011-08-03 21:35:10", "object_repr": "Family: Fallopia", "object_id": "1509", "change_message": "Changed has_completed_questionnaire.", "user": 1410, "content_type": 1463}}, {"pk": 1512, "model": "admin.logentry", "fields": {"action_flag": 2, "action_time": "2011-08-03 21:31:30", "object_repr": "Family: Fallopia", "object_id": "1509", "change_message": "Changed has_completed_questionnaire.", "user": 1410, "content_type": 1463}}, {"pk": 1510, "model": "admin.logentry", "fields": {"action_flag": 2, "action_time": "2011-08-03 21:27:23", "object_repr": "Family: Fallopia", "object_id": "1509", "change_message": "Changed has_completed_questionnaire.", "user": 1410, "content_type": 1463}}, {"pk": 1513, "model": "admin.logentry", "fields": {"action_flag": 2, "action_time": "2011-08-03 16:32:50", "object_repr": "Family: Fallopia", "object_id": "1509", "change_message": "Changed has_completed_questionnaire.", "user": 1410, "content_type": 1463}}, {"pk": 1482, "model": "admin.logentry", "fields": {"action_flag": 1, "action_time": "2011-08-01 21:38:15", "object_repr": "Family: Fallopia", "object_id": "1481", "change_message": "", "user": 1410, "content_type": 1460}}, {"pk": 1477, "model": "admin.logentry", "fields": {"action_flag": 1, "action_time": "2011-07-26 18:53:11", "object_repr": "Species: Harlequin Ladybird", "object_id": "1476", "change_message": "", "user": 1410, "content_type": 1460}}]